P.x,P.y,P.z,V.x,V.y,V.z,V.Escalar,veiculo,tempo
0.0,0.0,0.0,0.0,0.0,0.0,0.0,0,0.0
70.05293273925781,-3.9340312480926514,0.011780242435634136,-4.309211254119873,-0.06389537453651428,0.011445216834545135,4.30970013394307,0,1.0
63.48959732055664,-4.032240390777588,0.0015804290305823088,-8.421072006225586,-0.12493345886468887,0.00012180327757960185,8.421998700903256,0,2.0
55.418304443359375,-4.152224063873291,0.0018646239768713713,-8.017706871032715,-0.12014692276716232,-1.5258788721439487e-07,8.018607033198201,0,3.0
-95.10331726074219,136.18614196777344,-0.012095660902559757,1.368916392326355,0.4011138379573822,0.005463151726871729,1.4264831741760906,1,0.0
-91.5531997680664,137.91616821289062,-0.011924266815185547,4.852731704711914,4.955014705657959,-2.0484923879848793e-05,6.935501116114283,1,1.0
71.2638931274414,-3.9156599044799805,0.033611830323934555,-1.1528693437576294,-0.015894979238510132,0.021533317863941193,1.1531799763780888,2,0.0
